{
    "packages": [
        {
            "name": "phpspec/php-diff",
            "version": "v1.1.3",
            "version_normalized": "1.1.3.0",
            "source": {
                "type": "git",
                "url": "https://github.com/phpspec/php-diff.git",
                "reference": "fc1156187f9f6c8395886fe85ed88a0a245d72e9"
            },
            "dist": {
                "type": "zip",
                "url": "https://api.github.com/repos/phpspec/php-diff/zipball/fc1156187f9f6c8395886fe85ed88a0a245d72e9",
                "reference": "fc1156187f9f6c8395886fe85ed88a0a245d72e9",
                "shasum": ""
            },
            "time": "2020-09-18T13:47:07+00:00",
            "type": "library",
            "extra": {
                "branch-alias": {
                    "dev-master": "1.0.x-dev"
                }
            },
            "installation-source": "dist",
            "autoload": {
                "psr-0": {
                    "Diff": "lib/"
                }
            },
            "notification-url": "https://packagist.org/downloads/",
            "license": [
                "BSD-3-Clause"
            ],
            "authors": [
                {
                    "name": "Chris Boulton",
                    "homepage": "http://github.com/chrisboulton"
                }
            ],
            "description": "A comprehensive library for generating differences between two hashable objects (strings or arrays).",
            "support": {
                "source": "https://github.com/phpspec/php-diff/tree/v1.1.3"
            },
            "install-path": "../phpspec/php-diff"
        },
        {
            "name": "wyndow/fuzzywuzzy",
            "version": "v0.6.0",
            "version_normalized": "0.6.0.0",
            "source": {
                "type": "git",
                "url": "https://github.com/wyndow/fuzzywuzzy.git",
                "reference": "6249a966a97ffc231d743ea5c4ccb4e6797582f5"
            },
            "dist": {
                "type": "zip",
                "url": "https://api.github.com/repos/wyndow/fuzzywuzzy/zipball/6249a966a97ffc231d743ea5c4ccb4e6797582f5",
                "reference": "6249a966a97ffc231d743ea5c4ccb4e6797582f5",
                "shasum": ""
            },
            "require": {
                "php": ">=5.4",
                "phpspec/php-diff": "^1.0"
            },
            "require-dev": {
                "phpspec/phpspec": "^2.2"
            },
            "time": "2017-04-25T21:20:44+00:00",
            "type": "library",
            "installation-source": "dist",
            "autoload": {
                "psr-4": {
                    "FuzzyWuzzy\\": "lib/"
                }
            },
            "notification-url": "https://packagist.org/downloads/",
            "license": [
                "MIT"
            ],
            "authors": [
                {
                    "name": "Michael Crumm",
                    "email": "mike@crumm.net"
                }
            ],
            "description": "Fuzzy string matching based on FuzzyWuzzy from Seatgeek",
            "support": {
                "issues": "https://github.com/wyndow/fuzzywuzzy/issues",
                "source": "https://github.com/wyndow/fuzzywuzzy/tree/v0.6.0"
            },
            "install-path": "../wyndow/fuzzywuzzy"
        }
    ],
    "dev": true,
    "dev-package-names": []
}
